nom,prix
Jordan Tiempo Maestro Elite SE,"269,99 €"
Nike Air Max 95 Big Bubble « OG »,"189,99 €"
Air Jordan Ultra,"139,99 €"
Air Max 90,"149,99 €"
Nike Air Force 1 '07 LV8,"119,99 €"
Nike Air Max 90,"149,99 €"
Nike Air Max 95 Big Bubble,"189,99 €"
Nike Air Max TL 2.5,"179,99 €"
Jordan Tiempo Streetgato SE,"99,99 €"
Ja 3 « Jelly Bean »,"124,99 €"
Nike Structure Plus,"179,99 €"
Nike Shox TL,"169,99 €"
Nike Vomero 18,"149,99 €"
Nike Air Max Plus,"189,99 €"
Nike Air Max Plus,"189,99 €"
Nike Vomero Plus,"169,99 €"
Nike Vaporfly 4 Glam,"269,99 €"
Nike Mind 002,"139,99 €"
Nike x Hyperice Hyperboot,"749,99 €"
Nike P-6000,"109,99 €"
Jordan Spizike Low,"169,99 €"
Nike G.T. Future,"199,99 €"
Nike Dunk Low Retro,"119,99 €"
Nike P-6000,"109,99 €"
